Date,Solde budgétaire,Total dépenses nettes du budget général,Dotation des pouvoirs publics,Dépenses de personnel,Dépenses de fonctionnement,Charges de la dette de l’Etat,Dépenses d’investissement,Dépenses d’intervention,Dépenses d’opérations financières,Total prélèvements sur recettes,PSR au profit des collectivités territoriales,PSR au profit de l'Union européenne,Total recettes nettes du budget général,Total recettes fiscales,Impôt sur le revenu,Impôt sur les sociétés,Taxe intérieure de consommation sur les produits énergétiques,Taxe sur la valeur ajoutée,Autres recettes fiscales,Total recettes non fiscales,Solde des comptes spéciaux,CCF Avances aux collectivités territoriales,Solde des Budgets annexes,Remboursements et dégrèvements d'impôts d'Etat,Remboursements et dégrèvements d'impôts locaux,Fonds de concours et attribution de produits
31/01/2013,-12817067246.53,25812049491.84,991265739.0,10710235456.84,5209251831.14,1840583729.85,1639983228.25,5343857260.91,76872245.85,6327371971.81,3511202726.69,2816169245.12,21835693837.17,21599715639.02,3837975213.45,375787357.98,742512169.17,14410347382.81,2233093515.61,235978198.15,-2591054038.01,-4706066710.81,0.0,4167986560.36,143394997.53,77714417.96
28/02/2013,-27121319640.85,49992205837.16,991265739.0,20881247369.23,8878296712.17,2595167158.7,2178540228.22,14222550168.8,245138461.04,14415492436.66,7218419924.08,7197072512.58,43911059394.4,43381013488.66,14295069342.64,219353236.48,1572918558.54,24550457549.06,2743214801.94,530045905.74,-6788209398.59,-8816604277.67,0.0,9947593264.4,861853825.01,163528637.16
31/03/2013,-31026174393.01,70405272907.96,991265811.88,31090901787.21,13472798467.38,2601395372.46,3061406695.19,18507992071.44,679512702.4,19842657432.76,10991259275.43,8851398157.33,69047518685.46,67978369986.08,18593991345.23,9320361859.51,2518689521.0,33622163249.94,3923164010.40001,1069148699.38,-10403726386.51,-13793610994.57,0.0,15502165109.41,1062554761.03,577963648.76
30/04/2013,-66772727316.58,115152105905.79,991265811.88,40932943040.3,23691882153.3,19664732704.71,3969991861.15,25161154235.43,740136099.02,25297447319.19,14791553006.36,10505894312.83,90097733507.24,88364318941.61,22479281324.31,11538177221.81,3740399326.92,44709321883.08,5897139185.49,1733414565.63,-17158528785.6,-18561420003.73,0.0,26161522933.2,1342425679.38,737621186.76
31/05/2013,-72639016884.44,134984866261.1,991265852.38,50818493756.44,26877179846.17,19898232809.12,5166472257.13,30443080696.92,790141042.94,34373811659.56,22213515020.98,12160296638.58,116257148234.03,112775247536.96,33204976914.73,10053328793.87,4891886468.04,56365534294.77,8259521065.55002,3481900697.07,-20850372706.09,-22572090644.25,0.0,32826736296.2,2008037656.53,1312885508.28
30/06/2013,-59314266812.14,155132439209.83,991265852.38,61382958097.25,29842158215.85,19915999542.96,5665848023.11,36208868390.28,1125341088.0,41074063157.75,27259286121.38,13814777036.37,151082084576.08,145589722313.0,37361115059.22,21540813679.54,5902933939.41,66538634412.75,14246225222.08,5492362263.08,-15762313211.37,-18288089248.47,0.0,39033611865.19,2729923656.46,1572464190.73
31/07/2013,-80820222556.9801,187655795416.86,991265852.38,71356546286.06,37604332590.58,28063268300.3,7320377707.74,41107751498.54,1212253181.26,47795257467.99,32326049552.55,15469207915.44,174425272315.15,166633533297.93,40733314740.78,23306137088.85,7216686687.03,78360641542.7,17016753238.57,7791739017.22,-21817273027.11,-24240384405.37,0.0,46204206317.29,3204455739.78,2022831039.83
31/08/2013,-93612206375.68,203583972445.46,991275385.38,81167258946.7,39627810830.17,28197981273.31,8046297575.51,44325217128.29,1228131306.1,53950028480.39,36812590863.16,17137437617.23,188360115300.7,180273769833.43,40908000726.59,23195870995.0,8294917737.3,89503409572.74,18371570801.8,8086345467.27,-26889327547.09,-29448877242.8,0.0,53724057258.55,3525170443.79,2451006796.56
30/09/2013,-80830970452.43,222768851979.99,991276385.38,90676007721.54,41269677239.79,28423564064.65,8394719220.42,51779718039.05,1233889309.16,60043283865.01,41250207196.1,18793076668.91,223300480091.45,214690669649.83,51324090335.57,33984661097.48,9360202399.3,100120811381.67,19900904435.8099,8609810441.62,-23946792053.65,-26636223793.37,0.0,58148647723.74,6336159818.77,2627477354.77
31/10/2013,-86048060347.6299,259902205463.24,991268136.88,100566985163.43,48631914532.63,44544992866.57,8678927967.5,55146819089.44,1341297706.79,65617658235.58,45942231465.35,19675426770.23,241424919290.63,232355699631.07,57990452659.98,33967255495.36,10546926747.08,112267476582.98,17583588145.6701,9069219659.56,-4971359739.82999,-3200733779.37999,0.0,63975861465.22,10842192010.28,3018243800.39
30/11/2013,-86982576853.55,278123878061.78,991268166.88,110522530273.45,52484517101.95,44687044980.22,9280160057.3,58779191337.02,1379166144.96,72170163888.71,51626798488.8,20543365399.91,261989763000.69,252452243905.16,63322163023.17,34192854485.69,11610429168.99,124415549155.36,18911248071.9499,9537519095.53,-1933606904.05,-761368803.850006,0.0,68551602829.3,11251060337.57,3255309000.3
31/12/2013,-74867970256.23,298648058234.3,989018166.88,119596523723.85,56004425598.7,44885792523.4,9974496187.95,65709419712.72,1488382320.8,78020598663.74,55564725876.79,22455872786.95,297718098013.68,284005216358.39,66981796827.93,47156817426.75,12972155106.65,136256274328.15,20638172668.91,13712881655.29,560958532.300007,-374669231.529999,0.0,74570162439.36,11644645617.54,3521630095.83
31/01/2014,-12732213500.89,27016202632.18,989987362.0,10917463926.85,5285998009.23,845255038.6,2843124683.06,6069315854.39,65057758.05,5619590934.44,3551379940.24,2068210994.2,23000675654.14,22767247162.01,4526859998.76,305027696.94,770494358.07,14827760831.68,2337104276.56,233428492.13,-3335211182.21,-5126925133.27,0.0,4468157384.35,103590314.89,238115593.8
28/02/2014,-25681736473.66,50616357323.51,989987477.0,20911243538.96,8805765472.44,1625339197.83,3146212658.58,14966389801.84,171419176.86,14146305165.18,7342629373.08,6803675792.1,46349880169.3,45755369503.33,16845911788.42,47647591.1799998,1478996825.79,25390903348.59,1991909949.35,594510665.97,-7711156127.09,-9411336730.42,0.0,9973420286.74,717987197.96,442201972.82
31/03/2014,-28016846143.41,69132942490.82,989987477.0,30992903278.68,11802430821.3,1814127913.76,4032209040.81,19409245339.02,92038620.25,19562100051.79,11067061328.44,8495038723.35,73155818008.78,72112284664.55,22376570185.6,9570365301.23,2499563411.61,34392058551.36,3273727214.75,1043533344.23,-13024705050.99,-14461622379.11,0.0,15759030436.48,1266698170.18,547083441.41
30/04/2014,-64169115526.96,113493083639.05,989987616.5,40920765638.71,22417903902.11,18394887036.66,5344407280.6,25303650477.08,121481687.39,25118750277.4,14932222523.43,10186527753.97,92344250478.15,90700960927.56,27010442937.6,9027929411.82,3586772932.19,46133511167.39,4942304478.56001,1643289550.59,-18600358955.03,-19350255482.32,0.0,22099106865.41,1531841169.02,698826866.37
31/05/2014,-64329394300.73,134513864834.71,989987616.5,50701018065.32,24759912186.75,20378477999.9,5986382366.72,31419887822.06,278198777.46,32109106204.61,20230742721.03,11878363483.58,123044814647.66,120134015007.16,39334492184.01,11632903296.8,4589815215.32,57724553803.86,6852250507.17001,2910799640.5,-21669700660.04,-23471478435.8,0.0,29946619385.91,2032540484.74,918462750.97
30/06/2014,-59405145683.88,153852196946.97,989987616.5,61263540643.83,27022924278.99,20378480414.51,6488609474.03,37497211253.42,211443265.69,40498985013.84,27097943916.97,13401041096.87,150211197265.72,146554613235.21,43736045450.55,15653704258.08,5670386584.87,68078978509.78,13415498431.93,3656584030.51,-16623236329.22,-18846616041.68,0.0,43483716423.46,2519942927.32,1358075340.43
31/07/2014,-84095176469.47,186562661999.06,989987362.0,71210974546.65,35187495856.19,26361597984.14,7408465111.01,42059036960.86,3345104178.21,46946628040.81,32361162523.67,14585465517.14,168596132677.2,162280266164.19,44629965287.67,13569050727.25,6901514290.74,81013332350.01,16166403508.52,6315866513.01,-20699556657.63,-24276200054.38,0.0,54379420437.55,2788959671.07,1517537550.83
31/08/2014,-94079200920.04,201570116737.85,989987386.0,81100839091.58,37051041554.49,26665742518.1,7988542548.45,44435172868.09,3338790771.14,52332260537.64,36731868095.17,15600392442.47,184476196721.86,177103712644.54,46682459195.14,12942634719.13,7880437331.59,91942437373.13,17655744025.55,7372484077.32,-26313835727.41,-29726807280.63,0.0,60742994740.16,3106940420.95,1660815361.0
30/09/2014,-80498142736.99,220977376139.13,989987362.0,90699814964.37,39219100921.43,26665742742.42,8656598268.29,51337415966.23,3408715914.39,57007557661.98,40730620047.01,16276937614.97,218534082214.85,210442417617.66,56630602732.18,22847504427.56,9034149445.75,102364190273.75,19565970738.42,8091664597.19,-23258910264.38,-25973998290.61,0.0,66081528291.35,6068267423.62,2211619113.65
31/10/2014,-84710286358.42,255523011511.55,989987362.0,100453048679.65,43453462780.56,42497536743.0,9912460972.83,54781199792.2,3435315181.31,62348819421.49,45226049435.31,17122769986.18,234905813585.74,225899298281.77,61700774486.63,22308732258.95,10190280646.86,114738411300.28,16961099589.05,9006515303.97,-4450315363.82,-1343469843.95,0.0,72931272098.8,10576404652.25,2706046352.7
30/11/2014,-90834592943.2501,273952267854.13,989987364.5,110523362292.29,46068351652.9,42497538555.56,10246570828.18,59962911124.07,3663546036.63,69404762818.0,50759752589.24,18645010228.76,253442090362.2,243988472803.45,65913544143.96,21852719705.38,11163180405.14,126983865981.24,18075162567.73,9453617558.75,-3779549004.94001,-976709617.110001,0.0,77754442169.05,11113879786.51,2859896371.62
31/12/2014,-85555043923.8501,302882587236.42,989987362.0,120765383061.75,52756792515.82,43158887268.91,11122622981.13,69559747062.78,4529166984.03,74773569343.91,54426169859.25,20347399484.66,288256023260.28,274306686227.42,69224026784.23,35327814064.97,12465085075.99,138352075257.24,18937685044.99,13949337032.86,155364195.729994,837864949.099991,0.0,84629097098.73,11501704042.64,3689725200.47
31/01/2015,-9398303102.08,25905156614.61,988015262.0,10918010186.99,5599684504.48,283821528.37,1659001150.35,6379149164.89,77474817.53,5181963882.61,3435315634.11,1746648248.5,24664038794.24,24370483348.86,5456844943.03,160272710.9,934390971.46,16009225246.8,1809749476.67,293555445.38,-3072022018.86,-5019020421.55,0.0,4578972698.08,145458244.22,96800619.76
28/02/2015,-23448733071.81,50720315881.03,986355262.0,21225942805.18,9685983192.17,1235849211.48,2248531002.83,15099011832.74,238642574.63,13478530545.34,7006562827.1,6471967718.24,47194456837.66,46552397113.32,18059091685.91,-382233755.63,635854322.45,25370681031.64,2869003828.95,642059724.34,-7185205716.44,-9108484622.57,0.0,11471225799.58,862595816.56,740862233.34
31/03/2015,-26285602079.46,69629005561.39,986355262.0,31210620508.06,13008962381.52,1297399604.68,2807422151.7,19747989027.35,570256626.08,18900690543.92,10683576311.93,8217114231.99,73357095108.91,71975859285.43,23087752572.63,8016804292.75,1817953963.92,34317304255.05,4736044201.08,1381235823.48,-12006458040.51,-14257802595.02,0.0,17737320695.56,1113286957.4,893456957.45
30/04/2015,-59835591978.46,110748988105.43,988015262.0,41281849754.81,19719167263.64,17399196683.77,4199761104.8,26476610986.5,684387049.91,24228988237.85,14266174056.67,9962814181.18,92285464722.53,90033511796.11,27605497949.39,6977560378.88,3146877772.14,45900155665.68,6403420030.01999,2251952926.42,-18185278900.6,-19345075681.81,0.0,24841757810.12,1322974171.7,1042198542.89
31/05/2015,-63932579180.3801,134860730087.5,988015262.0,51260914311.12,22211892356.07,20024200281.49,4668453884.13,34929086467.09,778167525.6,30609685325.4,18639208391.47,11970476933.93,121990100667.29,118243834050.86,40226107370.33,6077980429.55,4209133570.38,58726154469.93,9004458210.66999,3746266616.43,-21694471681.39,-23877679465.77,0.0,35696922532.21,1765791514.99,1242207246.62
30/06/2015,-58493901038.79,155838623511.42,988015262.0,61867722739.84,25554486913.85,20045971913.21,5246803434.09,41275089702.09,860533546.34,38006970615.74,24814982840.88,13191987774.86,150757259357.04,145144726300.07,45061678043.09,10137882428.32,5497803679.61,68396890777.5,16050471371.55,5612533056.97,-17076149188.51,-18911311209.73,0.0,49459759377.52,2387524658.56,1670582919.84
31/07/2015,-79805560271.0201,185066926199.11,988015262.0,71754327528.64,33365237695.93,24944599398.52,6600184728.53,46481645649.3,932915936.19,44203565188.73,30313567201.97,13889997986.76,171000213786.94,164547301093.02,48036841299.88,8593024124.78,6842754785.78,82603426228.42,18471254654.16,6452912693.92,-23519449397.61,-25296873774.25,0.0,58252273738.27,2688904892.53,1984166727.49
31/08/2015,-89651179021.32,200359949868.95,988015262.0,81677167729.28,36102084687.0,24956098910.59,7220347344.7,48451651181.19,964584754.19,49588015460.22,34460131973.56,15127883486.66,185888174829.64,178787554976.32,47959587133.42,8194807254.45,8051795921.87,94439103930.67,20142260735.91,7100619853.32,-28877010249.87,-30679616824.26,0.0,66357505051.43,2999904144.53,3285621728.08
30/09/2015,-74534337407.9,221333359986.29,988015262.0,91321006659.1,38441972896.6,24956099846.51,7644845272.39,56993696874.28,987723175.41,53948053576.56,38302032049.92,15646021526.64,222778515034.27,212964236715.42,57555473120.11,17791286548.24,9280073397.3,105950519278.73,22386884371.04,9814278318.85,-25719506926.37,-27476025238.89,0.0,71574887784.37,6004562575.03,3688068047.05
31/10/2015,-76196789172.56,255567247388.58,988015262.0,101292618548.33,42632361897.45,41194300649.18,8160802822.41,60125894521.09,1173253688.12,59407008242.65,42379214423.87,17027793818.78,239220695072.52,228584773022.32,62556855648.38,17436554020.05,10516703555.3,118409662918.26,19664996880.33,10635922050.2,-4485685553.30999,-2502093161.48999,0.0,78049127472.08,10861885229.61,4042456939.46
30/11/2015,-82770976358.7,274026357745.69,988015262.0,111430710501.1,45959867963.15,41194300803.68,8646367851.67,64528943629.57,1278151734.52,65840061094.73,47561994833.27,18278066261.46,257137835632.78,246110008412.79,66350022039.17,16661719007.07,11731822758.26,129957980687.4,21408463920.89,11027827219.99,-4486220609.22,-1652028948.31,0.0,84318649185.39,11250064420.71,4443827458.16
31/12/2015,-70524213950.7301,301574533170.72,988015262.0,121568788209.34,51605467463.8,42136368445.66,10851983152.37,73617918349.5,805992288.05,70230230848.29,50528183408.21,19702047440.08,294543500936.73,280131851764.41,69326987109.58,33548552174.25,13067891266.13,141785959936.16,22402461278.2899,14411649172.32,1624350899.40999,73776569.7200012,0.0,91509006683.3,11676259770.13,5112698232.14
31/01/2016,-9167054989.14,28246309597.98,987745724.0,11034004739.61,5678073755.91,83155008.3,1295845048.33,9100387846.54,67097475.29,3315448987.38,3087786788.75,227662198.63,26343635955.6,25065699281.56,5192150948.7,147042736.62,653028961.62,17270787219.58,1802689415.04,1277936674.04,-4003961525.04,-5713967448.32,0.0,3816775355.6,98387680.31,55029165.66
29/02/2016,-25581613184.56,50100861014.64,987745724.0,21387674518.22,9817951358.13,941865653.02,1813099259.55,14950410861.61,202113640.11,10477194748.89,6366881437.72,4110313311.17,48183132153.74,46442201669.95,17799132016.51,-762061112.33,1898635752.57,25465548952.75,2040946060.45,1740930483.79,-13431650566.04,-9963453143.19,0.0,11875279884.52,1438509057.42,244960991.27
31/03/2016,-27485428264.34,70272711995.79,987745724.0,31494709891.3,12390219258.21,941866515.02,2287655267.56,21587553694.66,582961645.04,15426921562.11,9629026332.94,5797895229.17,76286808115.22,74106931261.05,23091843079.61,7826804991.84,3293090793.19,35654636873.69,4240555522.71999,2179876854.17,-18475712571.16,-15078883331.32,0.0,18560230530.14,1681914603.67,403109749.5
30/04/2016,-56459690038.22,111703743368.1,987746034.0,41647025903.09,19252845929.16,16855875046.58,3564335760.59,28712919757.35,682994937.33,19621455969.96,12979978666.72,6641477303.24,97953454385.9,94515777496.96,27758082555.73,6832439590.12,4565363892.86,48060116976.0,7299774482.25,3437676888.94,-23643590443.72,-20177921739.14,0.0,24876268499.61,1881763107.3,555645357.66
31/05/2016,-65668256768.27,137601480580.83,987746034.0,51618546019.83,22123958390.47,20419497396.46,4544502182.25,37169104183.16,738126374.66,27699415443.75,19709416507.83,7989998935.92,125611523292.06,121185650439.38,40476337309.97,5922899412.52,5805566134.68,59840782145.81,9140065436.4,4425872852.68,-26735021507.46,-24029879995.58,0.0,37060432033.39,2724202077.25,756137471.71
30/06/2016,-61797711658.76,161642103196.04,987745724.0,62367215770.19,25457170577.82,20438093663.58,5243612535.53,46295014462.34,853250462.58,32253558438.74,23420692319.89,8832866118.85,154173249689.93,149403616523.07,45256902969.31,9959787508.52,7261614849.8,70892795492.19,16032515703.25,4769633166.86,-23004249029.65,-18881935010.79,0.0,50717692588.9,3064318179.57,928949315.74
31/07/2016,-80845142008.3299,190139685861.23,987745724.0,72430952698.49,32926020768.92,24100456405.31,6587777284.09,52218476602.73,888256377.69,38040928616.03,27690879124.0,10350049492.03,175949076597.16,170450607652.33,48600062138.47,8565036988.21,8641247201.41,85385857830.0,19258403494.24,5498468944.83,-30108890203.36,-25679066354.09,0.0,58532602146.1,3322348714.14,1495286075.13
31/08/2016,-96044309503.44,209406010439.61,987745724.0,82584483373.27,35626241662.09,24128902521.54,7276613614.11,57862364955.11,939658589.49,43089442508.23,31188625151.34,11900817356.89,190971688288.25,184266515279.37,49272456473.47,7852198443.6,9920755384.27,96332202838.15,20888902139.88,6705173008.88,-36205625853.66,-31213484885.63,0.0,66341963941.84,3798204894.74,1685081009.81
30/09/2016,-83017005372.02,228730435427.1,987745724.0,92284686390.87,37719045661.8,24135329105.22,7892867414.27,64747968510.7,962792620.24,48620476919.44,35050127773.96,13570349145.48,226728923650.31,218990393588.18,59138635239.0,17638705247.34,10915700317.36,107954930963.01,23342421821.47,7738530062.13,-34674716127.99,-28623820506.02,0.0,71912587008.28,6709233496.45,2279699452.2
31/10/2016,-85539397648.9499,264395354726.19,987745773.5,102373913590.43,42285202123.69,40325875726.95,8743931581.92,68673485788.58,1005200141.12,53922715573.54,38592171939.73,15330543633.81,248551140707.72,239859200810.74,64586559950.51,17115504496.11,12326467386.44,120605176285.13,25225492692.55,8691939896.98,-18979055213.9,-6984627312.35,0.0,77451135267.86,7376891969.96,3206587156.96
30/11/2016,-93324060890.89,285017223193.37,987745773.5,112789769909.22,45715067886.11,40358007714.48,9448614809.24,74582430655.18,1135586445.64,60653985815.75,43654162335.63,16999823480.12,262310549891.44,253097036845.66,68494030607.45,16678473226.99,13742847016.14,132230518725.21,21951167269.87,9213513045.78,-13330587704.84,-1549472210.43001,0.0,83970453497.76,12299352634.24,3367185931.63
31/12/2016,-69055882208.79,314361379968.46,987745724.0,123190854061.1,52760382395.92,41447017109.68,10999954401.76,83824429000.35,1150997275.65,65456766668.12,46461265956.77,18995500711.35,300334897212.81,284096565286.38,71750733810.63,29989660098.83,15119925817.4,144438517756.97,22797727802.55,16238331926.43,6795407143.16998,1381265926.34999,0.0,90617687026.18,12707915637.03,3631960071.81
31/01/2017,-5396421241.34,28899094714.52,990920236.0,11399344136.8,6551192023.57,219844960.01,1158900928.42,8485158552.94,93733876.78,4482293747.36,2912618626.61,1569675120.75,24932891585.5,24539415975.25,4993714967.64,-512479988.82,378465836.4,17128423389.4,2551291770.63,393475610.25,2568240358.04,-4940051629.92,0.0,5454938831.4,455246242.86,483835277.0
28/02/2017,-21473846040.85,53336008280.83,990920236.0,21774658891.58,10225240636.59,244376778.63,1736437895.23,17979964773.32,384409069.48,9384227887.99,5958119494.17,3426108393.82,50044697736.18,49263817101.73,17549662234.69,-986869748.28,1377235942.46,26924223473.94,4399565198.91999,780880634.45,-9485588977.44,-9790869236.89,0.0,12101138814.2,712068886.5,687281369.23
31/03/2017,-29564263282.51,74733260025.66,990920236.0,32456357260.37,13344517453.53,283289550.41,2365184047.85,24532587032.94,760404444.56,13722220853.14,9049245997.4,4672974855.74,77542204128.42,76256843314.83,22625019239.22,7630512482.33,2130067983.86,37261298145.4,6609945464.01998,1285360813.59,-19449063946.13,-15064974841.27,0.0,19606569879.55,1082463026.36,798077414.0
30/04/2017,-57925034556.52,116204995169.33,990920236.0,42977383766.12,20583011598.32,15489281291.09,3510858244.2,31822084643.67,831455389.93,18306469921.97,12075694776.91,6230775145.06,99301629430.08,97366755388.52,27181875303.13,6428973905.64,2785763924.65,51072032655.46,9898109599.63999,1934874041.56,-23666448274.92,-20439634089.46,0.0,25831444744.55,1285557202.49,951249379.62
31/05/2017,-66447781839.92,142554700296.46,990920236.0,53463600082.84,23357698685.23,20085041797.88,4227786071.74,39558061319.32,871592103.45,24758512401.37,16969940632.73,7788571768.64,126675140779.95,124187401103.16,39685289257.1,5760673457.46,3612593946.57,62728609963.69,12400234478.34,2487739676.79,-26968816169.69,-24894370988.05,0.0,38607434991.29,2188728141.63,1159106247.65
30/06/2017,-62262230777.75,171951376601.47,990920236.0,64612139584.8,30122779587.93,20097260308.93,5270941637.15,49865952563.41,991382683.25,29552725096.88,20532539554.66,9020185542.22,158297926052.53,155302633882.11,44392868099.11,11888572978.79,4351092157.59,74585085090.35,20085015556.27,2995292170.42,-20912737110.16,-19513338152.55,0.0,50748969196.74,2516744416.82,1856681978.23
31/07/2017,-83843103125.38,200695449468.31,990920236.0,74963388229.5,35152817620.76,25504840581.06,6815424255.37,56238959170.3,1029099375.32,36178559227.31,25522180142.71,10656379084.6,179478431732.31,176103438961.81,47144572717.16,9583351613.16,5288173118.44,89628968501.76,24458373011.29,3374992770.5,-28671320888.42,-25747317834.97,0.0,60611210924.87,2804248187.27,2223794726.35
31/08/2017,-92999641860.3799,221751872454.92,990920236.0,85458155285.17,38691767836.34,25546825812.95,7879252980.35,62011029617.12,1173920686.99,40637903113.5,29068922831.54,11568980281.96,198880916627.73,191915213347.42,48799719459.78,8440215904.08,6114998627.45,101669546099.54,26890733256.5701,6965703280.31,-32109142472.85,-31455898696.25,0.0,67890175409.02,3136515736.84,2618359553.16
30/09/2017,-76263922133.18,242363268091.91,990920236.0,95523791674.48,41326828493.18,25555236688.18,8608446153.46,69146310967.99,1211733878.62,45557949652.36,32512463136.82,13045486515.54,235312029579.56,227447071335.29,59419823497.94,18472328060.14,6722216269.14,113471180580.1,29361522927.97,7864958244.27,-26620298539.18,-28944047316.54,0.0,73783264939.05,6308172239.13,2965564570.71
31/10/2017,-77135198505.7901,277870822000.56,990920236.0,106023248597.99,46210365356.09,40463917523.89,9305186947.45,73620942939.14,1256240400.0,50467354282.1,35887194286.52,14580159995.58,256706856499.77,247995461639.04,65321036976.79,17715821401.01,7678267022.05,125938120059.94,31342216179.25,8711394860.73,-8876682307.99001,-5574853835.96001,0.0,80722401304.5,7491590818.58,3372803585.09
30/11/2017,-84745337544.0801,298630598358.46,990920236.0,116707375622.59,50053397236.52,40496438349.1,10041993928.72,78956150391.2,1384322594.33,56634929233.22,40577797857.89,16057131375.33,276767099275.33,266820487030.45,69429281611.09,16583798190.7,8963470336.62,138720694803.32,33123242088.72,9946612244.88,-9979660840.35,-6152642838.07001,0.0,88013579680.18,7951373296.36,3732751612.62
31/12/2017,-67667726184.5901,326774650388.0,990920236.0,127611980487.52,53806835611.25,41697188431.43,11123954859.52,90062431995.39,1481338766.89,60160620248.65,43780710930.38,16379909318.27,309451069382.78,295632839011.62,73020086712.91,35714562175.86,10106529828.98,152418800395.31,24372859898.56,13818230371.16,5530142269.6,161100313.09,149986033.16,99908661857.7,12664293633.0,4136346766.52
31/01/2018,-10755506014.47,29517954575.4,991742491.0,11260342362.95,6094050606.66,231025202.87,1499138532.21,9356508022.42,85147357.29,4098974868.53,2406175257.83,1692799610.7,25566326379.27,25221170992.89,4902055251.6,-148846428.99,1203745132.55,17198634699.89,2065582337.84,345155386.38,-2794396144.75,-4872524928.31,0.0,6598998749.52,557039503.84,89493194.94
28/02/2018,-28479908780.1,53767222391.97,991742491.0,21896106360.44,10545327725.63,262895494.2,2298428306.18,17520106692.65,252615321.87,9508782428.92,4965427219.35,4543355209.57,48736502047.41,48071727566.89,17903376217.88,-916861265.17,434588815.8,28068180329.22,2582443469.15999,664774480.52,-14138114695.53,-9835615645.04,0.0,14409544748.94,985133325.48,197708688.91
31/03/2018,-33054213010.8,74803622249.85,991742491.0,33087958627.76,13665552127.28,287274275.56,2754259671.96,23373022201.64,643812854.65,13763665735.05,7537636708.48,6226029026.57,75901028062.41,74681101877.39,23022408810.44,8431871395.17,1588880406.82,38062823612.29,3575117652.66999,1219926185.02,-20733426639.53,-15352016022.27,0.0,23098481592.53,1256043189.19,345473551.22
30/04/2018,-54338369836.54,115258294336.09,991743166.0,43841187851.56,20203624892.81,14419493094.54,4163556512.63,30952735639.89,685953178.66,17933986385.98,10194177676.71,7739808709.27,97694632773.93,95896280616.66,27788157965.47,7176809867.14,2830547432.78,51109085278.43,6991680072.84001,1798352157.27,-19329520788.57,-20689709670.26,0.0,30587763535.32,1526136266.18,488798900.17
31/05/2018,-55072305377.5,142962781454.73,991743166.0,54797546500.81,23475208261.56,20057787021.37,5198565368.3,37619842996.68,822088140.01,21774709833.34,12857531963.97,8917177869.37,131953451804.15,127359368630.0,40700389316.73,8391695109.49,3868334734.65,64350046411.56,10048903057.57,4594083174.15,-22886473915.72,-25068369213.7,0.0,41647844567.51,2486771620.52,598208022.14
30/06/2018,-58865480613.1001,171577261227.71,991744601.59,65689722649.86,27764118360.86,20148701119.83,5826672230.18,50274777022.99,881525242.4,28324350679.16,18098858111.37,10225492567.79,158356235012.11,151786661380.18,45861653486.81,10886324263.56,4584179224.09,76299852806.89,14154651598.83,6569573631.93,-18401572794.2,-19697607909.76,0.0,58180789110.42,2818762851.22,1081469075.86
31/07/2018,-82757518721.28,204978061678.4,991744601.59,76236294898.92,35784384450.81,26423328248.31,7134193365.99,57456460023.44,951656089.34,34136688744.62,22336405888.34,11800282856.28,180372600612.49,173055684795.28,47872381837.05,7675074352.1,5832327193.23,90725882255.91,20950019156.99,7316915817.21,-25752160392.79,-26047048092.6,0.0,70485929637.02,3116315179.23,1736791482.04
31/08/2018,-97298380918.6201,224058450170.32,991743926.59,86769357718.09,38086398795.4,26453625967.69,7879409417.32,62866989058.13,1010925287.1,39628807547.8,26201498831.77,13427308716.03,194924146325.89,187216428635.87,49062615805.4,5279822751.49,6885948773.69,103209297787.21,22778743518.08,7707717690.02,-31310142901.55,-31780574659.99,0.0,80189330855.91,3485388751.26,2774873375.16
30/09/2018,-87142767167.53,246474922245.05,991743926.59,97359984801.17,41136714623.46,26470119665.69,8454273976.85,71029187757.62,1032897493.67,44536264178.13,29432786051.6,15103478126.53,228807699262.94,220607796576.24,59436244509.53,15023019394.8,7617829525.77,115809179181.96,22721523964.18,8199902686.7,-28012854700.67,-26982872804.55,0.0,87310319836.97,9082418632.14,3073574693.38
31/10/2018,-86981149660.49,282752919021.59,991743926.59,107914260762.77,45947639585.83,40136883116.75,9554721800.77,77059674878.65,1147994950.23,49658135642.09,32858113276.5,16800022365.59,250485702048.04,241428294982.37,65331314949.4,13146288374.24,9022838538.47,127735319550.43,26192533569.83,9057407065.67,-8613425126.16999,-4094788356.15999,0.0,96147209501.46,10666585818.5,3557628081.32
30/11/2018,-95641339329.78,305453072388.78,991743926.59,118669015849.99,51117523050.87,40172648522.53,10616969927.11,82564763216.63,1320407895.06,55644092087.23,37167240398.83,18476851688.4,268133674561.87,258478354866.51,70061173965.36,12369254219.56,10416706385.41,141944529096.46,23686691199.72,9655319695.36,-6757821506.57999,-321756772.719986,0.0,102772421714.24,15929210139.4,4079972090.94
31/12/2018,-76001599014.97,329721980581.33,991742491.0,129626215076.46,54037742744.89,41541283308.97,11811161558.11,90170309916.47,1543525485.43,60969872183.4,40324810017.7,20645062165.7,309277596993.43,295391930963.55,73009838450.3,27386289607.78,12070226753.9,156728928904.66,26196647246.91,13885666029.88,822651147.27,580650938.62,81527546.24,110021501097.15,15705551525.85,4508478062.82
31/01/2019,-17734314282.85,27587563465.86,991344491.0,11506969471.96,6599023510.97,214602229.34,1640889411.83,6547446136.94,87288213.82,4215147466.51,2472607359.93,1742540106.58,19137917078.33,18752711440.52,-2933162732.98,-228184454.62,1135399991.65,17444861106.05,3333797530.42,385205637.81,-5166844636.75,-5484422624.32,0.0,12907637716.44,500024727.58,97324207.94
28/02/2019,-36900109896.21,52688339923.99,991344491.0,22592161919.08,9714380723.19,244132497.3,2286183331.36,16634252926.39,225884035.67,11405296155.43,4958390908.45,6446905246.98,36368411048.43,35635458624.43,3277842117.17,-464091656.91,841024873.75,26251620020.03,5729063270.38999,732952424.0,-9456789105.67,-10452510625.16,0.0,20572089553.43,873921639.56,281904240.45
31/03/2019,-40706498401.38,75160723678.4,991344491.0,33458666319.69,12832365835.68,373249843.06,3363375491.36,23526326163.89,615395533.72,15685918519.93,7495104218.28,8190814301.65,65221287959.99,63875464625.63,10630962687.51,8829475889.17,1649054488.03,34527888241.45,8238083319.47001,1345823334.36,-15523369749.42,-16140092960.2,0.0,27601714096.76,1133195640.71,442225586.38
30/04/2019,-67215027313.85,116673978273.08,991344491.0,44337879225.35,19871264620.71,13842625330.38,4719207423.38,32141007550.58,770649631.68,19509977871.44,10099425931.96,9410551939.48,88130099580.05,86277312750.08,18263873707.6,7189242669.44,2510835866.76,45124503907.55,13188856598.73,1852786829.97,-19751512046.75,-21662653265.08,0.0,35903062255.82,1369633657.78,590341297.37
31/05/2019,-83897205285.01,148134472101.87,991344491.0,55420659935.78,23385794979.93,20325575578.77,5571597287.9,41594499401.65,845000426.84,23033610448.94,12577686054.06,10455924394.88,108849355672.75,106129511232.14,25606105081.96,4754061355.03,3456398492.6,55909653367.92,16403292934.63,2719844440.61,-22501831066.46,-26048024425.05,0.0,50524867119.27,2322789215.21,923352659.51
30/06/2019,-77337671021.15,174172786881.63,991344491.0,66400653254.81,26381006285.45,20648011500.43,6206204728.61,52651275480.32,894291141.01,30211643230.06,17709905636.68,12501737593.38,142687949666.06,135187608742.32,32369238676.45,11846871434.52,4433101920.83,64932263768.3,21606132942.22,7500340923.74,-16727510122.9,-20881436137.59,0.0,62305486876.94,2638179688.73,1086319547.38
31/07/2019,-109743876090.25,207790432117.52,991344491.0,77104094925.6,35043912210.94,26239438438.98,7738948396.19,59643196100.9,1029497553.91,36204005804.55,21959947337.49,14244058467.06,156759331060.39,148790619889.32,32220792824.25,8071052681.37,5267368966.82,76446787442.39,26784617974.49,7968711171.07,-24988420508.54,-27308138504.59,0.0,82813428263.03,3007774952.03,2479651279.97
31/08/2019,-123142388003.25,230641750079.86,991344491.0,87882221438.61,38107865795.29,26279446990.26,9283415519.24,67017925058.19,1079530787.27,42327756794.26,26341408470.53,15986348323.73,177626798260.73,169227772170.58,39219173636.47,6686352611.21,6304575072.39,86819417916.39,30198252934.12,8399026090.15,-30853522921.74,-33289451019.64,0.0,89309501357.48,3306990867.26,3053843531.88
30/09/2019,-109013210207.32,251441558490.08,991344491.0,98774467735.31,40330248027.64,26299880296.33,9685506809.21,74206204585.23,1153906545.36,47528340450.31,29799476451.5,17728863998.81,209406034858.44,200068441736.78,49300684801.69,18031405878.94,6909093789.35,97052528999.08,28774728267.72,9337593121.66,-22851153535.66,-26154767359.52,0.0,96215094867.48,12104058191.66,3401807410.29
31/10/2019,-107675930649.9,287834778220.85,991344491.0,109462081785.74,45900454965.61,38862505407.62,10222236757.35,81198832156.06,1197322657.47,52807286583.22,33322838930.14,19484447653.08,232828541324.64,222949332977.78,56864786731.14,16729367717.44,7811977322.48,106485268301.75,35057932904.97,9879208346.86,-5210568726.81,-3661560182.55,0.0,105423101896.39,13133602749.38,5348161556.34
30/11/2019,-113930228795.02,308660488903.62,991344491.0,120371605617.35,50003341079.98,38881310031.81,11219037786.74,85869322981.72,1324526915.02,57446024739.37,37309009766.16,20137014973.21,250792831234.72,240358421670.8,64694420905.75,15213785539.55,9292040258.33,118633826539.95,32524348427.22,10434409563.92,-4213401833.66001,-196185257.450012,0.0,112557141840.9,19207466892.7,5596855446.91
31/12/2019,-92685941144.57,336068575453.89,991344491.0,131641029285.32,53495344599.39,40255888554.78,12412205262.28,95750688478.69,1522074782.43,61914585151.8,40889962451.93,21024622699.87,295256348109.01,281289250970.51,71743305139.37,33465562033.74,11336494158.03,128976633141.58,35767256497.79,13967097138.5,4061635975.44001,821442792.240005,164228885.57,121176570941.54,18887408518.81,5815006491.1
31/01/2020,-19964790986.14,29191277935.3,994455491.0,11523397184.15,6938765186.38,218052426.18,2087363088.34,7263270987.86,165973571.39,6017870376.71,2440801685.13,3577068691.58,20894493092.07,20436236671.79,2003666881.35,-575036415.62,-65082678.43,15416585705.58,3656103178.91,458256420.28,-5815596811.91,-5634468982.52,0.0,13323872717.3,543761704.9,165461045.71
29/02/2020,-35206208896.16,54057811181.64,994455491.0,22528465067.43,10226245477.48,278105220.36,3036529200.54,16809298155.32,184712569.51,10782426881.95,5059601669.67,5722825212.28,39732175149.75,36841973138.69,8629724590.04,-1469861282.24,428847346.02,22571120183.22,6682142301.65,2890202011.06,-10379202436.08,-11107156296.4,0.0,21185627564.7,934110393.82,281056453.76
31/03/2020,-52502377581.54,84605377128.22,994455491.0,33491380996.4,14424893946.03,488942399.66,5033856338.39,29447418287.65,724429669.09,14347222747.96,7551113120.29,6796109627.67,61214621524.48,57862696521.01,15139123007.83,6072721444.0,1551385687.34,26271151076.79,8828315305.05,3351925003.47,-15386434338.85,-17190986735.35,0.0,33673639073.36,1197853455.6,622035109.01
30/04/2020,-92123442399.03,130898824945.08,994455491.0,44577223788.51,22010092014.9,12841617860.24,6081813820.71,43624275024.68,769346945.04,18832092622.83,10247415304.64,8584677318.19,77357333793.84,73298394203.91,22125555524.84,2900437470.25,1413887299.48,33786019272.89,13072494636.45,4058939589.93,-22456802112.23,-23413782112.04,0.0,44109742562.37,1374763736.68,2706943487.27
31/05/2020,-117851317426.43,165521782164.32,994455491.0,55474723150.35,24331561601.99,20026146204.53,6642523304.19,57229660864.81,822711547.45,24386867125.87,13119693123.68,11267174002.19,96474628801.14,91873275571.78,28668124195.94,5659049551.16,1682478524.43,40560900539.96,15302722760.29,4601353229.36,-27500922032.17,-28973008800.0,0.0,53867230257.31,2119838747.23,3083625094.79
30/06/2020,-124878370584.09,198528710182.58,994455491.0,66546445807.64,27685691439.52,20494677606.82,7179671665.71,74569245052.97,1058523118.92,32025185429.92,19068198904.25,12956986525.67,125783886920.58,120799372934.94,34641165978.62,15630380112.94,2423384110.56,49417220645.5,18687222087.32,4984513985.64,-23590939793.99,-25000665429.05,0.0,64966992061.89,2514039000.92,3482577901.82
31/07/2020,-151035511940.05,231666447850.75,994455491.0,77722955966.18,36696789668.94,23597317896.96,8839966284.87,82650137487.29,1164825055.51,37632489384.93,23590370490.51,14042118894.42,144522348576.28,135708935270.49,32067929154.84,15816598811.43,2852954904.83,63341007370.25,21630445029.14,8813413305.79,-30985920427.4,-30060842514.43,0.0,84836895315.28,2842787652.17,4726997146.75
31/08/2020,-165685615496.39,257626708739.71,994455491.0,88665957052.35,42477148423.09,23707202577.36,9680110230.17,90863185678.83,1238649286.91,41695485197.04,26851525902.84,14843959294.2,162524273047.75,152737007028.01,36082935925.46,15229456075.05,3797064793.51,73612759691.68,24014790542.31,9787266019.74,-34438363098.33,-36332637638.62,0.0,94918173026.81,3205310267.74,5550668490.94
30/09/2020,-161589778949.35,282052064938.36,994455491.0,99281545892.95,46109355574.7,23763083574.09,10703221760.13,99842682654.76,1357719990.73,46810519642.21,30547516691.55,16263002950.66,185300985018.22,174019862488.42,41165274434.46,26187282691.76,4458396945.14,83580218027.72,18628690389.3401,11281122529.8,-23928571281.8,-25454838907.25,0.0,103980099433.47,16298022970.92,5900391894.8
31/10/2020,-159852096653.65,319394902080.45,994455491.0,110412809873.81,51218042441.34,34675590500.42,11546131546.93,109140990291.76,1406881935.19,52124344568.11,34087586943.71,18036757624.4,212644896238.24,200781953281.51,52065928727.05,26404939939.76,5021324350.52,93799980464.98,23489779799.2,11862942956.73,-7614991596.23002,-3478361313.50002,0.0,111449844644.43,18278854402.06,6637245352.9
30/11/2020,-176848354774.45,350805901648.36,994455491.0,121561419401.23,59845347029.4,34759437259.24,12535670121.31,119605727908.77,1503844437.41,59527344537.25,38208191483.51,21319153053.74,231251854134.78,218891561276.5,63009409057.15,24032627738.86,5665869874.79,104565035552.99,21618619052.71,12360292858.28,-5464211020.01999,-2167848667.64,0.0,120718463908.75,23241326408.42,7697248296.4
31/12/2020,-178067958769.65,389677858973.49,994455491.0,133004652046.8,64895272839.91,36202113867.81,13640205610.59,139234222146.53,1706936970.85,65690338012.7,41998857227.96,23691480784.74,270721581822.61,255953273285.74,74008983867.09,36329434343.04,6864226457.76,113769519588.67,24981109029.1801,14768308536.87,-5420865448.4,-2872939269.59,31238974.12,128092511990.68,22928799087.15,11968282868.21
31/01/2021,-21856081808.6,32800109591.76,993954491.0,11380913811.44,6567317050.74,273558215.03,2494929892.23,10985244691.01,104191440.31,5126968552.48,2409420091.68,2717548460.8,22289735231.19,21682224331.11,1644444350.36,151050425.47,1024258791.53,15366058608.2,3496412155.55,607510900.08,-6387475220.63,-5741491039.65,0.0,11947335319.74,902821149.61,168736325.08
28/02/2021,-47465863920.3,63327962305.62,993954491.0,23160025929.13,10421513270.48,452120156.64,3301463712.71,24812921271.43,185963474.23,12083575516.27,4976062535.82,7107512980.45,39318207340.75,37882012137.47,8639825959.05,-556034492.08,2642941086.94,21148814739.43,6006464844.12999,1436195203.28,-11979795411.58,-11373678569.36,0.0,19534745120.95,1367515281.0,607261972.42
31/03/2021,-60070370448.06,96116932560.63,993954491.0,34068343202.89,14642622980.4,616667395.95,4374084356.55,41114281747.77,306978386.07,16114464925.05,7543640448.62,8570824476.43,62370562838.65,59907487573.68,15137722275.72,9008772726.5,4204430074.58,22138670739.79,9417891757.08999,2463075264.97,-11213868342.94,-9620272507.31,0.0,28397443539.67,1703697647.66,1004332541.91
30/04/2021,-91367308201.52,142890214114.58,993954491.0,45299224761.5,21886297843.36,12038933894.67,6146914017.27,55945524298.98,579364807.8,20585833975.22,10342653503.39,10243180471.83,84438514906.29,81278360796.08,22507556844.03,7247946982.59,5625956846.56,31299010495.25,14597889627.65,3160154110.21,-14133882474.83,-13345044472.66,0.0,37195776913.54,1945131982.67,1804107456.82
31/05/2021,-118786273060.89,184464156882.76,993954491.0,56468865915.59,26375771794.88,20316840027.75,7512029569.67,72128861130.21,667833953.66,27457031533.66,15332450567.0,12124580966.66,107926600024.79,102074018591.74,29460762831.3,9092833791.02,6957197174.61,38492567685.18,18070657109.63,5852581433.05,-17846990028.33,-16498164292.85,0.0,48987442230.37,3389179085.97,3055305359.07
30/06/2021,-131287383488.15,224245332422.5,993954671.0,67773041314.0,31718685455.8,20869875573.02,8418771994.57,93111097354.68,1359906059.43,35017030569.88,21413625890.75,13603404679.13,137740857959.05,130075954374.7,36208941767.99,16006645655.41,8675422466.08,44865246471.28,24319698013.94,7664903584.35,-13165041943.66,-12480353696.14,0.0,62546204701.56,3796409947.76,3399163488.84
31/07/2021,-166637119626.93,264364493722.77,993954671.0,78913471712.89,40687690761.37,26456751240.99,10292223685.52,105330973233.75,1689428417.25,40159067083.59,25484079799.66,14674987283.93,152293618780.75,144106032691.77,33573852428.6,14590989288.3,10040851042.66,56188201953.95,29712137978.26,8187586088.98,-18128970503.25,-16493213863.39,0.0,83149782767.36,4119139157.31,3721792901.93
31/08/2021,-178044506847.0,292818597445.46,993954491.0,90114603176.96,44369200657.49,26533191480.83,11210721998.55,117833769824.14,1763155816.49,45374031006.83,28815779032.98,16558251973.85,176629779633.31,162521100519.56,40589860060.86,13624915751.13,11779272896.06,63049520405.17,33477531406.34,14108679113.75,-20844367229.75,-20176027843.36,0.0,90705961355.88,4480165315.77,4362709201.73
30/09/2021,-175119130300.08,316329307579.02,993954491.0,100859559451.87,47512590853.15,26573896659.32,12247386391.63,126287403173.26,1854516558.79,50961749619.5,32335655175.98,18626094443.52,209883895640.18,194995889739.44,45137948335.74,23869646394.58,13629842335.35,71262979516.3,41095473157.47,14888005900.74,-22925931589.33,-21799248514.59,0.0,99996196358.43,5078204579.04,5213962847.59
31/10/2021,-171619857367.03,356003805307.11,993954491.0,111902737193.47,51951472220.13,36900847220.02,13333669859.51,138901775669.53,2019348653.45,56783550540.38,35836469427.19,20947081113.19,238128465608.46,221772817543.26,55864414505.32,23860681281.14,14703486502.48,79623215110.08,47721020144.2399,16355648065.2,-2726062103.4,3210038611.47,0.0,108057318430.81,5678865675.59,5765094975.4
30/11/2021,-181018951143.29,384498524602.41,993954491.0,123125801134.31,58119614565.0,36974491698.06,14476567944.26,148551624525.41,2256470244.37,62761786931.93,39721548929.07,23040238002.86,265172121990.41,247328349893.9,67274571114.94,23593855725.85,16395491625.47,88486565741.05,51577865686.59,17843772096.51,-5892053302.74,1671804243.13,0.0,115119330904.01,8377901200.46,6961291703.38
31/12/2021,-170739441421.2,426732416944.12,993954491.0,134715727512.57,64806107874.1,38496193740.61,16093169804.96,168644814229.0,2982449291.88,69739386458.63,43371081145.92,26368305312.71,316994347786.3,295737741834.56,78653596826.87,46315030661.92,18329066992.58,95539314263.59,56900733089.6,21256605951.74,785823212.339988,2417040727.21999,-7518226.71,122287289908.86,8099146637.81,7959709209.62
31/01/2022,-15926156721.83,30612328157.63,1013010762.0,11706368148.63,6457502012.81,251490810.5,2430946869.32,8641904512.17,111105042.2,4804347017.08,2618292893.0,2186054124.08,23338707567.13,22933589562.77,2308129431.02712,860442691.45,1166568108.41,14469618127.2,4128831204.68287,405118004.36,-4038841204.39,-3584264914.21,0.0,11671015186.06,522974595.41,190652090.14
28/02/2022,-37626049275.49,58369139365.45,1013010762.0,23117141966.14,9695338446.66,447893383.61,3273446929.81,20689926604.4,132381272.83,10362097584.73,5334969252.96,5027128331.77,38143310090.25,37111047326.85,9966632615.35,744964388.19,2691602093.3,16633911377.07,7073936852.94001,1032262763.4,-7379655340.9,-7284976756.81,0.0,19151662621.74,829977531.28,341532925.34
31/03/2022,-38333724496.17,92889648119.63,1013010797.0,34449583073.82,16485608342.07,2165317180.11,4404883032.54,34130539879.9,240705814.19,14873151128.89,8316027217.89,6557123911.0,79243640477.52,69907423050.18,17438574615.66,11108523350.01,4331150513.03,26038370545.25,10990804026.23,9336217427.34,-10525913492.09,-11154053494.42,0.0,28567749235.03,1280291597.35,711347766.92
30/04/2022,-67320042215.13,135504789802.93,1013010797.0,45820467885.16,23566876523.44,12703607956.1,6479482917.16,45518948946.76,402394777.31,19575540012.8,10832708131.47,8742831881.33,102942924360.51,92050943978.69,24975770188.37,9928429704.9,5279845791.8,35818249515.29,16048648778.33,10891980381.82,-16252912773.58,-14823527063.4,0.0,37120074659.85,1579733116.32,1070276013.67
31/05/2022,-82272745132.02,173504538649.04,1013010797.0,57123065644.18,27065706582.35,22017175507.88,7341736914.73,58402244350.82,541598852.08,24999899244.57,14071359392.91,10928539851.66,133454552163.81,121812235327.79,33130025865.63,19476768893.34,6688969334.4,43447431864.56,19069039369.86,11642316836.02,-19350784235.99,-17438333448.63,0.0,48629216785.95,2243747369.49,2127924833.77
30/06/2022,-76083520837.86,205987954104.7,1047610762.0,68553649565.34,31590669759.14,22714633504.41,8272882035.13,72538110327.56,1270398151.12,31999223072.31,18884975250.32,13114247821.99,174092319913.31,157938972437.95,40332638325.49,31832495698.26,7936860896.72,52957761060.01,24879216457.47,16153347475.36,-14755753080.55,-13531783960.61,0.0,60199868714.57,2510817712.33,2567089506.39
31/07/2022,-131215046095.64,261413417937.16,1047610762.0,80226435266.22,42475923291.0,39381807988.73,10545049288.57,86273912481.09,1462678859.55,41597385926.55,26297430134.23,15299955792.32,189714570093.16,172469004747.65,38927251217.26,30514558029.52,9532413629.21,63875176332.74,29619605538.92,17245565345.51,-21109019043.0,-19031576555.19,0.0,79946815440.92,2777170766.98,3190206717.91
31/08/2022,-149895966932.84,287947217207.85,1047610797.0,91986099991.53,45719576701.79,39522811525.84,11546174194.84,96591345541.65,1533598455.2,47282792240.07,29776650686.06,17506141554.01,206907823442.43,189161398269.41,43877813046.25,29721593566.04,11226168843.79,70374399023.83,33961423789.5,17746425173.02,-25377625053.16,-23061122403.24,0.0,91183083241.64,3137666330.1,3803844125.81
30/09/2022,-146610865813.97,317410162285.36,1047610797.0,103360906907.22,49556017307.12,39531295801.33,12735211650.46,109460377441.91,1718742380.32,52846532196.29,33152122948.04,19694409248.25,246438258733.07,227945136256.62,49213458117.97,43971842285.6,13046503389.35,79338627819.58,42374704644.12,18493122476.45,-27333667449.37,-24753266431.13,0.0,99281913732.15,3744621312.98,4541237383.98
31/10/2022,-143214865678.22,367077899389.3,1047610762.0,115026273584.24,65868980302.57,49119472701.72,14138987250.81,119984107427.87,1892467360.09,57756784741.36,36343433157.2,21413351584.16,275688126296.94,256432826288.35,62105489118.85,43856293654.67,14304629781.97,88977295707.18,47189118025.68,19255300008.59,456140648.990007,-995663005.009995,0.0,109305977316.69,4121525949.11,5475551506.51
30/11/2022,-159319590744.88,397932170638.22,1047611302.0,126785428794.25,72679420458.26,49214716223.35,15142931703.95,130842193769.23,2219868387.18,63169876729.81,39615189987.24,23554686742.57,302733894349.22,282256493237.28,75178376291.49,42964958359.92,16016988074.28,98435629307.91,49660541203.6801,20477401111.94,-6782709443.51,-3024033466.41,0.0,117627763007.9,7154394454.02,5831271717.44
31/12/2022,-151441437719.72,445671637992.39,1047966823.09,138817793541.87,80401955367.74,51537851124.31,17023789149.52,154136091808.38,2706190177.48,67263209046.96,43033531188.05,24229677858.91,347232106240.73,323283583389.75,88988265000.79,62130094245.85,17991592262.96,100822655597.02,53350976283.13,23948522850.98,6726239809.40001,2213546949.16,27429562.74,125782958735.02,6982196777.12,7507633706.76
31/01/2023,-21148175960.8,34490244863.81,1076534706.0,12145527108.57,7620812762.78,556157391.75,2284578343.66,10658059457.77,148575093.28,4879827153.21,2795943248.7,2083883904.51,22895609311.5,22326255112.91,2387854230.6,427747572.74,1009350638.46,14307361262.63,4193941408.48,569354198.59,-4796967484.39,-4016887379.2,0.0,13524762043.64,567373264.02,123254229.11
28/02/2023,-50323561963.81,64095909028.09,1076534706.0,24013888086.74,9938739405.12,994409329.38,3476750833.26,24368526297.43,227060370.16,10471080236.7,5886807461.93,4584272774.77,32235317388.2,31064043070.97,10527851190.78,7515156.45,2506366492.19,10753745500.14,7268564731.41,1171274317.23,-8378035567.71,-7903987007.97,0.0,22044823033.61,869320404.76,386145480.49
31/03/2023,-54723913426.21,100484990123.73,1076534706.0,35771624212.97,16582638336.18,5928331743.4,5106372869.82,35712539031.37,306949223.99,15459432579.53,8961743859.0,6497688720.53,72646796838.81,70724506028.8,17795381089.77,12528414138.37,4054907941.63,26062937687.41,10282865171.62,1922290810.01,-12246744805.56,-12465242524.63,0.0,31634936539.1,1162077224.8,820457243.8
30/04/2023,-83707966214.85,147991916787.53,1076534706.0,47533064647.12,30556424912.32,15219764530.38,6254648681.44,46436134110.58,915345199.69,20325365519.69,11952292482.21,8373073037.48,97625424591.9,94517171019.05,26136719682.02,11767837730.51,5415743266.53,35778400242.73,15418470097.26,3108253572.85,-14916247462.8,-14892113640.54,0.0,40402939534.09,1362961862.52,1900138963.27
31/05/2023,-107221553451.35,191042759957.82,1076534706.0,59185788387.86,34860831790.83,25988775651.92,8336871707.22,60551895962.66,1042061751.33,25480702894.44,15023869504.79,10456833389.65,126568492231.41,121883396677.87,34450341318.28,17796427313.49,6446694816.47,42256252550.4,20933680679.23,4685095553.54,-19471262004.61,-17992363263.19,0.0,52871272793.11,1974750992.66,2204679174.11
30/06/2023,-116181083959.32,225839809440.35,1076534706.0,71044329046.61,40217158685.38,26367788011.27,9408422575.7,76124715255.9,1600861159.49,34825085396.24,22284491654.42,12540593741.82,161246003711.89,154404257116.18,41656208964.17,27264885050.18,8103706796.44,48057991495.82,29321464809.57,6841746595.71,-19809549262.22,-17429706570.41,0.0,69919580775.18,2306994711.73,3047356427.6
31/07/2023,-168992771689.66,277222201215.01,1076534706.0,82966325595.29,49745922354.22,40748926171.03,11571194409.15,89184856166.69,1928441812.63,42028454854.68,27404100760.69,14624354093.99,174687989730.77,166573454214.25,36963737136.67,25985981626.9,9663425852.56,59054824249.24,34905485348.88,8114535516.52,-27790430348.17,-24348770428.48,0.0,93516023360.55,2541730718.42,3360324997.43
31/08/2023,-187933628908.98,306062068160.53,1076534706.0,94964439057.43,54083962620.76,41274327844.48,13071404000.03,99538148693.68,2053251238.15,47485665000.83,31065212870.66,16420452130.17,193448572082.22,184807275536.63,45059020421.1,25152401927.01,10667964639.26,65563332830.21,38364555719.05,8641296545.59,-32122362744.87,-28359411019.31,0.0,102678833912.88,2847827457.34,4287894915.03
30/09/2023,-186123270439.21,335695315616.48,1076534706.0,106714505984.77,57984472904.52,42411107312.71,13929089719.45,111457611803.75,2121993185.28,52580022022.54,34111767329.7,18468254692.84,234507319436.49,224939491019.52,49905870070.98,39001100726.62,12285456143.39,73515455847.45,50231608231.08,9567828416.97,-37439359074.84,-33237164003.48,0.0,110733128717.11,3449677020.57,5084106838.16
31/10/2023,-177705680921.63,376535272855.43,1076534706.0,119284018260.02,64146764133.55,51149329324.08,15021671099.92,123523893462.53,2333061869.33,58346030187.2,37829972931.69,20516057255.51,264700495536.45,254366219964.68,62764905080.74,38710743924.19,13591861041.26,80780960914.96,58517749003.53,10334275571.77,-13125978682.1,-4062561800.32999,0.0,120295494851.46,4126503661.23,5601105266.65
30/11/2023,-197965344734.76,409286649562.94,1076534706.0,132141258014.49,69529161818.24,51337962784.0,16592687379.7,136014006546.09,2595038314.42,63933952429.12,41370092610.94,22563859818.18,290926140224.39,279985925944.22,75539313184.46,38341411521.56,14789063262.27,88953430413.37,62362707562.56,10940214280.17,-21872256203.26,-8118627876.28,0.0,129290596081.79,4758503827.26,6201373236.17
31/12/2023,-172972201009.24,454565410321.53,1076534706.0,144807466918.3,74178840633.54,54779687103.46,18696311247.06,158314775103.62,2711794609.55,68127153343.93,44254013487.01,23873139856.92,348041812495.34,322902945657.16,88589440367.92,56825361111.09,16803546915.52,95187677890.46,65496919372.1701,25138866838.18,-5101014662.09,-3604117760.31,287873420.66,137321974393.28,5123083370.69,6491691402.31
31/01/2024,-25741980707.95,38478138103.21,1137842143.0,13194152128.03,9433993489.54,560922977.22,2764903952.52,11272176894.87,114146518.03,4958904126.35,3194308679.1,1764595447.25,20531699560.48,20005628243.02,2336576487.63,511299331.9,990060566.2,12026383460.27,4141308397.02,526071317.46,-3137388679.56,-3448881137.21,0.0,15015265081.54,743521325.52,300750640.69
29/02/2024,-44031786980.67,65145897875.51,1137842150.54,25766347131.18,12950144644.81,2119647948.24,3728175187.98,19271163622.05,172577190.71,9953238289.84,6261919889.49,3691318400.35,39640055237.78,38550205085.06,10375327496.81,141976512.47,2291792129.69,18536303669.18,7204805276.91,1089850152.72,-9092689674.33,-7128206660.44,0.0,24201701567.89,1110500714.03,519983621.23
31/03/2024,-52782010050.59,98047744851.71,1137842150.54,38618316824.33,18162610782.22,4753617432.48,5234310783.47,29875718669.3,265328209.37,14736444454.47,9339942001.54,5396502452.93,71456858666.11,69612829251.18,17741850538.9,12820122112.17,3652862133.28,24749452850.46,10648541616.37,1844029414.93,-12596004942.1,-10864372815.82,0.0,32810811854.73,1428440644.28,1141325531.58
24/04/2024,-91559946886.55,134224843320.67,1137842150.54,44625672759.15,28944964126.23,5146828867.86,7194485057.67,46315281481.14,859768878.08,19290630255.49,12312134202.41,6978496053.08,72883673245.54,69796662856.89,25920114314.8,12294135847.47,4751311222.34,13148554086.14,13682547386.14,3087010388.65,-12444312324.69,-15743399158.5,0.0,39483461150.41,1620439263.26,1516165768.76
31/05/2024,-113494645000.18,197637025629.88,1137842150.54,64174349620.68,37674510090.34,26308342676.86,8902835991.2,58320689395.46,1118455704.8,24116894539.82,15556404886.59,8560489653.23,126098846742.45,120531068948.09,34797210879.83,16544187554.76,6165211632.95,42850128256.39,20174330624.16,5567777794.36,-21317782655.56,-18981538196.16,0.0,57422030759.38,2024215217.53,3478211082.63
30/06/2024,-103469977978.43,230570239876.02,1137842148.1,76807071559.56,42330931102.63,27544463618.71,10237087153.49,71268571603.12,1244272690.41,33080170698.94,22301806402.02,10778364296.92,171341765437.1,156319931885.3,42458015734.05,28138401965.08,7714938393.58,49070070403.07,28938505389.52,15021833551.8,-14897185071.83,-18633565057.84,0.0,71617744923.6,2391336876.71,3735852231.26
31/07/2024,-156907149706.5,276795017615.45,1137842148.1,89605782627.59,53396753208.94,34854011245.15,12887330713.2,83507096882.97,1406200789.5,39692783724.73,27098110946.81,12594672777.92,182642953765.83,166236086340.0,37063939541.2,26540994355.41,8899822396.48,57809387441.18,35921942605.73,16406867425.83,-27300797139.5,-23888747325.77,0.0,98852631418.61,2706921737.24,4238495007.35
31/08/2024,-171906192788.21,304109418536.75,1137842143.0,102105688178.3,56788314715.95,35250650194.48,14217040954.89,93136806820.95,1473075529.18,46044318629.66,31633337370.74,14410981258.92,205191197088.8,187817980172.55,43800699545.54,25979884076.43,10468286619.1,67364949060.91,40204160870.57,17373216916.25,-31852239722.93,-28156358152.36,0.0,106260171447.56,3063785198.96,4908587012.33
30/09/2024,-173783428600.62,335893455484.46,1137842143.0,114310194240.53,60824517070.95,37312783751.12,15071683700.27,105717266856.23,1519167722.36,51256397680.14,35029107940.22,16227289739.92,245896834674.5,227728250897.42,48939060336.85,40639656619.48,12054276897.98,74033627346.73,52061629696.38,18168583777.08,-38411935751.45,-34062673508.7,0.0,115032443872.51,3445371052.69,5881525640.93
31/10/2024,-157390533676.53,371416511746.45,1137842143.0,126758791048.45,66874911185.05,44580586438.94,15862354643.82,114443769344.57,1758256942.62,56522942929.24,38479344708.32,18043598220.92,274473548442.79,255671040098.54,61627593230.6,40565340691.96,13653784962.69,80957622231.08,58866698982.21,18802508344.25,-10330691831.5,-624181855.51001,0.0,124884740212.67,4000156718.66,6406064387.87
30/11/2024,-172486405169.36,400776445227.2,1137842208.6,139493973125.04,71451445564.96,44663291410.79,16809092487.88,125421140058.96,1799660370.97,61280786008.02,41420879306.1,19859906701.92,305119183707.78,285378755039.16,75451646319.58,39995205153.38,14864444076.87,91763374020.92,63304085468.4099,19740428668.62,-22469280744.77,-4555616029.25,0.0,133120534999.9,4569259384.43,6920923102.85
31/12/2024,-155929972365.41,443413251207.98,1157376416.0,152818973789.54,76803466119.0,50084696306.1,19711586261.24,141726812800.5,1110339515.6,67733238791.8,45456844973.56,22276393818.24,348890901383.75,325679295289.64,87987247678.47,57420121750.89,15969195151.58,96758573419.46,67544157289.24,23211606094.11,-2349966842.78,162503237.729996,366390520.79,141568330580.19,4955165409.84,8309192572.61
31/01/2025,-17291025312.26,32283353169.94,1137842136.4,13476086006.76,9023733881.1,305635045.71,3035064916.4,5251749863.12,53241320.45,5563325814.6,3578027339.77,1985298474.83,24024231490.87,23537161553.51,2760823740.59,912157039.47,1156576418.85,12620652575.9,6086951778.70001,487069937.36,-3769538394.97,-3596198735.23,0.0,15132718004.63,656242248.9,300960576.38
28/02/2025,-40300273972.01,67285734048.33,1137842136.4,26361418759.64,12785971927.95,2861299586.34,5052259030.03,18977519388.54,109423219.43,10541864920.72,6577303480.22,3964561440.5,44596078869.17,43540505825.13,10560474499.62,869720950.66,2604269129.27,19424662331.87,10081378913.71,1055573044.04,-7705625911.23,-7242202983.38,0.0,23667176248.39,1013755042.15,636872039.1
31/03/2025,-47027387906.35,97999288980.82,1137842136.4,39662374682.01,17164652373.29,4392025179.55,6376888658.75,29140232690.03,125273260.79,14835256383.03,9717603691.36,5117652691.67,76763799233.4,74884722795.7,17974205965.85,14538847880.72,3600534798.56,24623186527.12,14147947623.45,1879076437.7,-11765744692.87,-11407954574.27,0.0,32262422968.09,1323681345.85,809102916.97
30/04/2025,-69302842948.85,138688311609.27,1137842143.0,52512591352.44,26232367772.65,13301641378.51,7673656646.2,37174923821.74,655288494.73,19808516868.59,12708583456.67,7099933411.92,103804733316.88,99586852289.29,26623639881.45,13834490779.67,5026334085.77,33250191123.71,20852196418.69,4217881027.59,-16445090975.01,-15289604340.9,0.0,42146623740.38,1599705545.13,1834343187.14
31/05/2025,-93972862585.72,189553810809.26,1137842143.0,65716174386.61,30054255942.89,27827055963.09,9753176751.56,54299730649.75,765574972.36,24964774109.99,15882559977.82,9082214132.17,137752575037.36,127037804968.83,35561462034.0,17630881635.25,6214015788.35,42683076669.36,24948368841.87,10714770068.53,-20500064076.06,-19342329092.38,0.0,56610597779.71,1880121772.93,3293211372.23
30/06/2025,-100399616759.46,228120512879.5,1137842149.9,78740397768.15,35505977417.41,29189146555.99,10807138179.59,71736887806.18,1003123002.28,33958185885.07,22851631858.57,11106554026.5,177899298257.69,163288614393.08,43338014995.12,30354158940.15,7821016818.94,48806710024.44,32968713614.4301,14610683864.61,-20829089863.4,-18457590988.68,0.0,68699208412.16,2259894834.35,4608873610.82
31/07/2025,-142035898768.91,271833209461.91,1137842143.0,91991075830.29,45519703223.36,35671928042.13,13196726830.25,83194119301.46,1121814091.42,41217946300.08,28129111553.33,13088834746.75,193123104857.65,176923808261.12,39520153191.44,28611564539.57,9159009311.0,59074592814.98,40558488404.13,16199296596.53,-27141930111.45,-23231317459.77,0.0,93005681330.18,2537135902.42,5034082246.88
31/08/2025,-157450205559.26,300384423969.62,1137842143.0,104739393123.57,48651410826.72,35795669526.33,14670226213.57,94202945952.55,1186936183.88,47282418107.23,32360166348.95,14922251758.28,216255453347.39,199601150173.8,46890759477.18,27739532627.74,10620172357.49,67424265480.4,46926420230.99,16654303173.59,-31516250642.87,-27477307846.07,0.0,101986074738.22,2925629118.02,5477433813.07
